{
	"format_version": "1.21.6",
	"credit": "Made with Blockbench",
	"texture_size": [64, 64],
	"textures": {
		"0": "item/skull",
		"particle": "item/skull"
	},
	"elements": [
		{
			"from": [7.5, 0, 2],
			"to": [8.5, 2, 3],
			"rotation": {"angle": 0, "axis": "y", "origin": [6, 0, 2]},
			"faces": {
				"north": {"uv": [2, 7, 2.25, 7.5], "texture": "#0"},
				"east": {"uv": [2.25, 7, 2.5, 7.5], "texture": "#0"},
				"south": {"uv": [7, 5.75, 7.25, 6.25], "texture": "#0"},
				"west": {"uv": [6, 7, 6.25, 7.5], "texture": "#0"},
				"up": {"uv": [2.75, 6, 2.5, 5.75], "texture": "#0"},
				"down": {"uv": [7.25, 6.25, 7, 6.5], "texture": "#0"}
			}
		},
		{
			"from": [4.5, 2, 2],
			"to": [11.5, 5, 3],
			"rotation": {"angle": 0, "axis": "y", "origin": [6, 2, 2]},
			"faces": {
				"north": {"uv": [5.25, 5.75, 7, 6.5], "texture": "#0"},
				"east": {"uv": [2.5, 5, 2.75, 5.75], "texture": "#0"},
				"south": {"uv": [2.5, 6, 4.25, 6.75], "texture": "#0"},
				"west": {"uv": [1.75, 7, 2, 7.75], "texture": "#0"},
				"up": {"uv": [7.25, 4, 5.5, 3.75], "texture": "#0"},
				"down": {"uv": [6, 7, 4.25, 7.25], "texture": "#0"}
			}
		},
		{
			"from": [2.5, 7, 2],
			"to": [13.5, 15, 12],
			"rotation": {"angle": 0, "axis": "y", "origin": [5, 6, 2]},
			"faces": {
				"north": {"uv": [2.75, 0, 5.5, 2], "texture": "#0"},
				"east": {"uv": [2.75, 4, 5.25, 6], "texture": "#0"},
				"south": {"uv": [2.75, 2, 5.5, 4], "texture": "#0"},
				"west": {"uv": [0, 5, 2.5, 7], "texture": "#0"},
				"up": {"uv": [2.75, 2.5, 0, 0], "texture": "#0"},
				"down": {"uv": [2.75, 2.5, 0, 5], "texture": "#0"}
			}
		},
		{
			"from": [3.5, 5, 4],
			"to": [12.5, 7, 11],
			"rotation": {"angle": 0, "axis": "y", "origin": [5, 4, 4]},
			"faces": {
				"north": {"uv": [4.25, 6.5, 6.5, 7], "texture": "#0"},
				"east": {"uv": [2.5, 6.75, 4.25, 7.25], "texture": "#0"},
				"south": {"uv": [6.5, 6.5, 8.75, 7], "texture": "#0"},
				"west": {"uv": [0, 7, 1.75, 7.5], "texture": "#0"},
				"up": {"uv": [7.5, 5.75, 5.25, 4], "texture": "#0"},
				"down": {"uv": [7.75, 0, 5.5, 1.75], "texture": "#0"}
			}
		},
		{
			"from": [3.5, 3, 2],
			"to": [4.5, 5, 3],
			"rotation": {"angle": 0, "axis": "y", "origin": [5, 2, 2]},
			"faces": {
				"north": {"uv": [6.25, 7, 6.5, 7.5], "texture": "#0"},
				"east": {"uv": [6.5, 7, 6.75, 7.5], "texture": "#0"},
				"south": {"uv": [6.75, 7, 7, 7.5], "texture": "#0"},
				"west": {"uv": [7, 7, 7.25, 7.5], "texture": "#0"},
				"up": {"uv": [7.5, 4, 7.25, 3.75], "texture": "#0"},
				"down": {"uv": [7.5, 6.25, 7.25, 6.5], "texture": "#0"}
			}
		},
		{
			"from": [3.5, 1, 2],
			"to": [4.5, 3, 3],
			"rotation": {"angle": 0, "axis": "y", "origin": [2, 1, 2]},
			"faces": {
				"north": {"uv": [2.5, 7.25, 2.75, 7.75], "texture": "#0"},
				"east": {"uv": [2.75, 7.25, 3, 7.75], "texture": "#0"},
				"south": {"uv": [3, 7.25, 3.25, 7.75], "texture": "#0"},
				"west": {"uv": [3.25, 7.25, 3.5, 7.75], "texture": "#0"},
				"up": {"uv": [1.25, 7.75, 1, 7.5], "texture": "#0"},
				"down": {"uv": [1.5, 7.5, 1.25, 7.75], "texture": "#0"}
			}
		},
		{
			"from": [11.5, 1, 2],
			"to": [12.5, 3, 3],
			"rotation": {"angle": 0, "axis": "y", "origin": [10, 1, 2]},
			"faces": {
				"north": {"uv": [3.5, 7.25, 3.75, 7.75], "texture": "#0"},
				"east": {"uv": [3.75, 7.25, 4, 7.75], "texture": "#0"},
				"south": {"uv": [4, 7.25, 4.25, 7.75], "texture": "#0"},
				"west": {"uv": [4.25, 7.25, 4.5, 7.75], "texture": "#0"},
				"up": {"uv": [1.75, 7.75, 1.5, 7.5], "texture": "#0"},
				"down": {"uv": [2.25, 7.5, 2, 7.75], "texture": "#0"}
			}
		},
		{
			"from": [9.5, 0.3, 2],
			"to": [10.5, 2.3, 3],
			"rotation": {"angle": 0, "axis": "y", "origin": [8, 0, 2]},
			"faces": {
				"north": {"uv": [4.5, 7.25, 4.75, 7.75], "texture": "#0"},
				"east": {"uv": [4.75, 7.25, 5, 7.75], "texture": "#0"},
				"south": {"uv": [5, 7.25, 5.25, 7.75], "texture": "#0"},
				"west": {"uv": [5.25, 7.25, 5.5, 7.75], "texture": "#0"},
				"up": {"uv": [2.5, 7.75, 2.25, 7.5], "texture": "#0"},
				"down": {"uv": [7.75, 3.75, 7.5, 4], "texture": "#0"}
			}
		},
		{
			"from": [1.5, 5, 2],
			"to": [14.5, 7, 4],
			"rotation": {"angle": 0, "axis": "y", "origin": [5, 4, 2]},
			"faces": {
				"north": {"uv": [5.5, 1.75, 8.75, 2.25], "texture": "#0"},
				"east": {"uv": [4.25, 6, 4.75, 6.5], "texture": "#0"},
				"south": {"uv": [5.5, 2.25, 8.75, 2.75], "texture": "#0"},
				"west": {"uv": [4.75, 6, 5.25, 6.5], "texture": "#0"},
				"up": {"uv": [8.75, 3.25, 5.5, 2.75], "texture": "#0"},
				"down": {"uv": [8.75, 3.25, 5.5, 3.75], "texture": "#0"}
			}
		},
		{
			"from": [5.5, 0.3, 2],
			"to": [6.5, 2.3, 3],
			"rotation": {"angle": 0, "axis": "y", "origin": [4, 0, 2]},
			"faces": {
				"north": {"uv": [5.5, 7.25, 5.75, 7.75], "texture": "#0"},
				"east": {"uv": [5.75, 7.25, 6, 7.75], "texture": "#0"},
				"south": {"uv": [7.25, 5.75, 7.5, 6.25], "texture": "#0"},
				"west": {"uv": [7.25, 7, 7.5, 7.5], "texture": "#0"},
				"up": {"uv": [7.75, 4.25, 7.5, 4], "texture": "#0"},
				"down": {"uv": [7.75, 4.25, 7.5, 4.5], "texture": "#0"}
			}
		},
		{
			"from": [11.5, 3, 2],
			"to": [12.5, 5, 3],
			"rotation": {"angle": 0, "axis": "y", "origin": [13, 2, 2]},
			"faces": {
				"north": {"uv": [0, 7.5, 0.25, 8], "texture": "#0"},
				"east": {"uv": [0.25, 7.5, 0.5, 8], "texture": "#0"},
				"south": {"uv": [0.5, 7.5, 0.75, 8], "texture": "#0"},
				"west": {"uv": [0.75, 7.5, 1, 8], "texture": "#0"},
				"up": {"uv": [7.75, 4.75, 7.5, 4.5], "texture": "#0"},
				"down": {"uv": [7.75, 4.75, 7.5, 5], "texture": "#0"}
			}
		}
	],
	"display": {
		"thirdperson_righthand": {
			"rotation": [89, 0, 0],
			"scale": [0.8, 0.8, 0.8]
		},
		"thirdperson_lefthand": {
			"rotation": [89, 0, 0],
			"scale": [0.8, 0.8, 0.8]
		},
		"firstperson_righthand": {
			"rotation": [0, 145, 0],
			"translation": [0, 6.5, 0],
			"scale": [0.8, 0.8, 0.8]
		},
		"firstperson_lefthand": {
			"rotation": [0, 145, 0],
			"translation": [0, 6.5, 0],
			"scale": [0.8, 0.8, 0.8]
		},
		"ground": {
			"rotation": [17, 0, 0],
			"translation": [0, 2, 0],
			"scale": [0.5, 0.5, 0.5]
		},
		"gui": {
			"rotation": [0, 146, 8],
			"translation": [0.5, 0, 0]
		},
		"head": {
			"rotation": [8, 0, 0],
			"translation": [0, 1, 1],
			"scale": [1.5, 1.5, 1.5]
		}
	},
	"groups": [
		{
			"name": "skull",
			"origin": [8, 8, 8],
			"color": 0,
			"children": [0, 1, 2, 3, 4, 5, 6, 7, 8, 9, 10]
		}
	]
}